-229415,-6625
-229415,71554
-229415,51107
-229415,12498
-229415,36934
-229415,-13284
-229415,-213949
-229415,32348
-229415,-6001
-229415,13048
-229415,-240708
-229415,83793
-229415,30726
-229415,36406
-229415,48505
-229415,78853
-229415,34931
-229415,-22663
-229415,32520
-229415,47542
-229415,45506
-229415,183702
-229415,26911
-229415,41749
-229415,33415
-229415,141954
-229415,-105600
-229415,21024
-229415,39700
-229415,63802
-229415,34062
-229415,28648
-229415,37496
-229415,22372
-229415,3031
-229415,33858
-229415,53937
-229415,6537
-229415,12691
-229415,-111715
-229415,89002
-229415,78934
-229415,91456
-229415,-137115
-229415,210458
-229415,-3369
-229415,150782
-229415,12521
-229415,-305
-229415,369387
-229415,-491
-229415,32682
-229415,14461
-229415,-310
-229415,58157
-229415,191000
-229415,58625
-229415,-10689
-229415,30585
-229415,-2060
-229415,43551
-229415,215067
-229415,105638
-229415,37986
-229415,94454
-229415,24324
-229415,14554
-229415,32206
-229415,52841
-229415,46502
-229415,130143
-229415,10038
-229415,30731
-229415,39638
-229415,-38139
-229415,28719
-229415,32694
-229415,46295
-229415,47360
-229415,57190
-229415,62490
-229415,26765
-229415,11386
-229415,3615
-229415,162426
-229415,106496
-229415,26660
-229415,10127
-229415,13832
-229415,1124254
-229415,80719
-229415,-12801
-229415,114192
-229415,-266752
-229415,61549
-229415,42230
-229415,-35777
-229415,25314
-229415,1001848
-229415,19482
-229415,57568
-229415,28409
-229415,37441
-229415,84706
-229415,450406
-229415,32463
-229415,139050
-229415,27648
-229415,82285
-229415,28891
-229415,-146445
-229415,-3046
-229415,-4421
-229415,31617
-229415,3055
-229415,162932
-229415,110724
-229415,-112757
-229415,-93040
-229415,81662
-229415,13861
-229415,84906
-229415,-187430
-229415,-19267
-229415,-6743
-229415,-61716
-229415,57605
-229415,-171530
-229415,37785
-229415,18600
-229415,-28500
-229415,23134
-229415,156996
-229415,-65255
-229415,-103273
-229415,35885
-229415,-295781
-229415,362
-229415,113772
-229415,39719
-229415,37978
-229415,47162
-229415,5820
-229415,40473
-229415,29623
-229415,4224
-229415,170675
-229415,34064
-229415,47832
-229415,32917
-229415,276600
-229415,-79224
-229415,38287
-229415,12841
-229415,37567
-229415,-27809
-229415,32690
-229415,37286
-229415,23546
-229415,-11284
-229415,164650
-229415,92539
-229415,7126
-229415,41796
-229415,234767
-229415,2669
-229415,22195
-229415,395409
-229415,108945
-229415,46816
-229415,74762
-229415,9274
-229415,27583
-229415,11639
-229415,-3197
-229415,4400
-229415,102674
-229415,33209
-229415,83014
-229415,50787
-229415,4623
-229415,33250
-229415,-57049
-229415,28076
-229415,14134
-229415,220284
-229415,181432
-229415,54743
-229415,70820
-229415,28966
-229415,27567
-229415,-363751
-229415,29696
-229415,1725
-229415,14948
-229415,1664
-229415,39537
-229415,151193
-229415,39948
-229415,8787
-229415,-177201
-229415,69716
-229415,-13618
-229415,105763
-229415,37792
-229415,33839
-229415,36772
-229415,29325
-229415,90274
-229415,78627
-229415,98093
-229415,-2906
-229415,24537
-229415,49307
-229415,-65420
-229415,-28398
-229415,65226
-229415,16141
-229415,140464
-229415,61539
-229415,28248
-229415,168376
-229415,107210
-229415,14444
-229415,60906
-229415,55622
-229415,1947
-229415,136931
-229415,29309
-229415,295353
-229415,131706
-229415,38022
-229415,18655
-229415,40376
-229415,-126443
-229415,8330
-229415,1409364
-229415,-177171
-229415,17226
-229415,77035
-229415,-1761
-229415,25653
-229415,178297
-229415,738
-229415,61655
-229415,-31997
-229415,24254
-229415,221167
-229415,56223
-229415,31828
-229415,39121
-229415,54171
-229415,-33540
-229415,33887
-229415,-45575
-229415,125068
-229415,44752
-229415,128706
-229415,25370
-229415,32827
-229415,-197533
-229415,292606
-229415,34858
-229415,88697
-229415,-66045
-229415,158
-229415,60305
-229415,-293978
-229415,150301
-229415,-11990
-229415,58414
-229415,37067
-229415,58005
-229415,1528
-229415,38538
-229415,2164
-229415,-31526
-229415,-14582
-229415,40976
-229415,-146208
-229415,54739
-229415,-19918
-229415,72588
-229415,57081
-229415,67278
-229415,-21937
-229415,-13937
-229415,17599
-229415,97328
-229415,62005
-229415,-23473
-229415,23348
-229415,92804
-229415,40964
-229415,20342
-229415,82662
-229415,230
-229415,82568
-229415,45546
-229415,6618
-229415,7432
-229415,43011
-229415,41335
-229415,410773
-229415,-20682
-229415,22674
-229415,90356
-229415,109668
-229415,96904
-229415,53450
-229415,139618
-229415,105199
-229415,107850
-229415,-491
-229415,40839
-229415,-68104
-229415,-48482
-229415,41863
-229415,157827
-229415,17798
-229415,33029
-229415,140463
-229415,-3977
-229415,43030
-229415,-8733
-229415,51898
-229415,17766
-229415,53366
-229415,127618
-229415,-25815
-229415,-11974
-229415,327507
-229415,109736
-229415,54009
-229415,162058
-229415,26107
-229415,35515
-229415,-66512
-229415,94626
-229415,-13517
-229415,-18606
-229415,34862
-229415,-2298
-229415,49416
-229415,11242
-229415,-3143
-229415,72448
-229415,150554
-229415,120379
-229415,22497
-229415,73926
-229415,108677
-229415,34173
-229415,4899
-229415,10096
-229415,36539
-229415,357070
-229415,135461
-229415,-121961
-229415,176265
-229415,13009
-229415,42646
-229415,-7073
-229415,-10163
-229415,3305
-229415,78942
-229415,8250
-229415,38324
-229415,-74625
-229415,80192
-229415,-7936
-229415,38590
-229415,17032
-229415,1648
-229415,57832
-229415,5586
-229415,39206
-229415,385099
-229415,7029
-229415,-52241
-229415,-227491
-229415,23275
-229415,31061
-229415,39546
-229415,-240098
-229415,32605
-229415,17427
-229415,71434
-229415,10836
-229415,35769
-229415,12853
-229415,15778
-229415,27881
-229415,16935
-229415,-10599
-229415,-305211
-229415,53554
-229415,-32722
-229415,148388
-229415,17415
-229415,1044
-229415,37905
-229415,-14670
-229415,299508
-229415,8854
-229415,18278
-229415,15182
-229415,266742
-229415,-13912
-229415,45603
-229415,41490
-229415,24741
-229415,68546
-229415,46558
-229415,-228881
-229415,57436
-229415,67665
-229415,27769
-229415,-28401
-229415,44953
-229415,15484
-229415,23254
-229415,-36238
-229415,6018
-229415,-102453
-229415,37143
-229415,-25754
-229415,-12458
-229415,9374
-229415,-24045
-229415,42452
-229415,181690
-229415,10098
-229415,10680
-229415,-37994
-229415,108173
-229415,-11490
-229415,-26801
-229415,7726
-229415,29417
-229415,71212
-229415,36047
-229415,25044
-229415,30287
-229415,23192
-229415,8162
-229415,33033
-229415,69164
-229415,7597
-229415,91774
-229415,3792
-229415,362251
-229415,-7001
-229415,7094
-229415,37273
-229415,4271
-229415,-111731
-229415,1774
-229415,3857
-229415,35204
-229415,48400
-229415,56186
-229415,45789
-229415,94413
-229415,49819
-229415,23658
-229415,46506
-229415,-20752
-229415,7618
-229415,-23776
-229415,80517
-229415,120454
-229415,46885
-229415,42714
-229415,7787
-229415,-155679
-229415,4776
-229415,61430
-229415,80747
-229415,-7376
-229415,15122
-229415,3607
-229415,40637
-229415,45308
-229415,63111
-229415,11817
-229415,-99089
-229415,-13574
-229415,47588
-229415,50093
-229415,27105
-229415,51902
-229415,143348
-229415,32980
-229415,-24125
-229415,24150
-229415,37946
-229415,60278
-229415,-56214
-229415,-35493
-229414,60062
-229414,57498
-229414,106682
-229414,-11240
-229414,-14663
-229414,7002
-229414,186546
-229414,-272131
-229414,611889
-229414,10297
-229414,3829
-229414,-7558
-229414,14307
-229414,26305
-229414,13980
-229414,38494
-229414,-35510
-229414,22602
-229414,798
-229414,-132750
-229414,34245
-229414,-150617
-229414,18676
-229414,197287
-229414,205127
-229414,107528
-229414,28405
-229414,-11798
-229414,19425
-229414,9556
-229414,27857
-229414,44648
-229414,-17100
-229414,-25996
-229414,16690
-229414,65194
-229414,22973
-229414,-23347
-229414,-14936
-229414,774
-229414,-2611
-229414,10841
-229414,-188611
-229414,41166
-229414,115516
-229414,42165
-229414,40484
-229414,27526
-229414,-8778
-229414,31019
-229414,-14408
-229414,-18148
-229414,65762
-229414,1370
-229414,-28389
-229414,37310
-229414,-37659
-229414,76273
-229414,16670
-229414,15669
-229414,101518
-229414,-14408
-229414,9220
-229414,35849
-229414,-2717
-229414,106134
-229414,-2168
-229414,31316
-229414,5562
-229414,-12430
-229414,8492
-229414,152563
-229414,31922
-229414,-6783
-229414,-10446
-229414,70642
-229414,15916
-229414,575066
-229414,134747
-229414,147960
-229414,50165
-229414,8921
-229414,12893
-229414,-2104
-229414,11018
-229414,15988
-229414,101484
-229414,40106
-229414,120905
-229414,13216
-229414,73
-229414,-13476
-229414,98243
-229414,76928
-229414,-2697
-229414,3193
-229414,45627
-229414,34020
-229414,50088
-229414,12111
-229414,-3369
-229414,-19102
-229414,-75355
-229414,-991
-229414,-293748
-229414,24021
-229414,-141664
-229414,14412
-229414,9213
-229414,-4034
-229414,109544
-229414,79529
-229414,15376
-229414,-11747
-229414,4954
-229414,38913
-229414,-3571
-229414,12240
-229414,35878
-229414,20937
-229414,43238
-229414,-2658
-229414,4742
-229414,-7921
-229414,-1475
-229414,314913
-229414,5562
-229414,-16501
-229414,212694
-229414,122465
-229414,-17178
-229414,35745
-229414,-1947
-229414,21010
-229414,32681
-229414,41467
-229414,-28437
-229414,4764
-229414,-16666
-229414,-1040
-229414,177986
-229414,21179
-229414,35232
-229414,-4890
-229414,-219650
-229414,-49827
-229414,14252
-229414,-56773
-229414,46087
-229414,189628
-229414,15504
-229414,-12308
-229414,22539
-229414,-8996
-229414,46091
-229414,267724
-229414,8415
-229414,-40556
-229414,-16650
-229414,-136107
-229414,143172
-229414,-57959
-229414,26351
-229414,-338835
-229414,-2220
-229414,97429
-229414,19926
-229414,12198
-229414,69914
-229414,193318
-229414,-2785
-229414,392
-229414,5300
-229414,7637
-229414,79626
-229414,9931
-229414,-21804
-229414,-117829
-229414,-81495
-229414,5798
-229414,9071
-229414,58690
-229414,-146328
-229414,6307
-229414,-2164
-229414,-11619
-229414,29239
-229414,-110019
-229414,101496
-229414,79486
-229414,-759
-229414,-8802
-229414,76814
-229414,-10688
-229414,5497
-229414,117837
-229414,-163957
-229414,-92
-229414,48501
-229414,21151
-229414,9785
-229414,-18511
-229414,-40892
-229414,110676
-229414,-5791
-229414,-8093
-229414,-8802
-229414,3418
-229414,39359
-229414,-16992
-229414,19418
-229414,-132277
-229414,1922
-229414,10044
-229414,7154
-229414,-28459
-229414,-9962
-229414,6900
-229414,34153
-229414,3998
-229414,151620
-229414,7707
-229414,3801
-229414,-3781
-229414,-1410
-229414,-14497
-229414,-2096
-229414,3370
-229414,117958
-229414,21647
-229414,21022
-229414,113638
-229414,70348
-229414,-6662
-229414,-62600
-229414,-13819
-229414,-66851
-229414,12735
-229414,158819
-229414,9310
-229414,8565
-229414,5755
-229414,169736
-229414,-3777
-229414,6416
-229414,2826
-229414,-9214
-229414,-12498
-229414,345841
-229414,-471
-229414,-3357
-229414,71055
-229414,-8710
-229414,-23154
-229414,-134793
-229414,1312
-229414,16920
-229414,13017
-229414,41009
-229414,1447
-229414,9471
-229414,-18605
-229414,31695
-229414,15545
-229414,6001
-229414,49935
-229414,143533
-229414,2636
-229414,7565
-229414,-39416
-229414,-118423
-229414,24166
-229414,-419
-229414,27184
-229414,259507
-229414,-101687
-229414,22747
-229414,87415
-229414,28053
-229414,3491
-229414,15790
-229414,-862
-229414,28224
-229414,-16022
-229414,-32315
-229414,-84050
-229414,17101
-229414,-5679
-229414,8264
-229414,-9366
-229414,-151342
-229414,-1153
-229414,51951
-229414,-9383
-229414,-11301
-229414,23791
-229414,41379
-229414,-5908
-229414,287003
-229414,9225
-229414,8487
-229414,-1214266
-229414,-29845
-229414,178477
-229414,137232
-229414,-1693
-229414,-27700
-229414,108149
-229414,57543
-229414,93684
-229414,-4010
-229414,-150927
-229414,-13765
-229414,-36942
-229414,-7187
-229414,-8895
-229414,31110
-229414,-225093
-229414,-1773
-229414,181436
-229414,326521
-229414,-103845
-229414,-59690
-229414,-13232
-229414,14667
-229414,14271
-229414,2592
-229414,181904
-229414,21723
-229414,35252
-229414,112926
-229414,-5473
-229414,-145551
-229414,27677
-229414,-7964
-229414,8553
-229414,6081
-229414,35370
-229414,230
-229414,23932
-229414,-49516
-229414,278688
-229414,18527
-229414,28733
-229414,-75802
-229414,-11950
-229414,-35633
-229414,41906
-229414,6666
-229414,29288
-229414,27337
-229414,6485
-229414,4119
-229414,11591
-229414,40412
-229414,1414766
-229414,48029
-229414,82383
-229414,-4530
-229414,-52339
-229414,-5977
-229414,23795
-229414,608
-229414,-131288
-229414,44682
-229414,-220050
-229414,4119
-229414,8709
-229414,-14548
-229414,196155
-229414,21320
-229414,4883
-229414,70449
-229414,84040
-229414,-70938
-229414,-10846
-229414,-1524
-229414,-4534
-229414,135438
-229414,16375
-229414,-7202
-229414,-125984
-229414,113417
-229414,5405
-229414,75650
-229414,102386
-229414,-12980
-229414,105816
-229414,207738
-229414,-26609
-229414,3827
-229414,28019
-229414,9330
-229414,341332
-229414,113872
-229414,93579
-229414,58346
-229414,37426
-229414,35289
-229414,10387
-229414,97767
-229414,12055
-229414,35286
-229414,-76480
-229414,97565
-229414,-40704
-229414,57271
-229414,28745
-229414,-51153
-229414,7540
-229414,-52660
-229414,9528
-229414,-45246
-229414,-126674
-229414,70417
-229414,-53530
-229414,247909
-229414,-36897
-229414,-47200
-229414,14255
-229414,35370
-229414,12611
-229414,-19075
-229414,-15626
-229414,77867
-229414,3809
-229414,7876
-229414,50144
-229414,18209
-229414,-40747
-229414,19213
-229414,70217
-229414,-25048
-229414,128341
-229414,3410
-229414,21675
-229414,-10495
-229414,24290
-229414,17499
-229414,29675
-229414,111921
-229414,28348
-229414,-8822
-229414,-17789
-229414,-19192
-229414,-14086
-229414,17906
-229414,19761
-229414,-292876
-229414,81265
-229414,854
-229414,4163
-229414,-157263
-229414,-7911
-229414,-20833
-229414,15171
-229414,18511
-229414,-17459
-229414,7774
-229414,32118
-229414,112836
-229414,12377
-229414,255589
-229414,-2761
-229414,-1084
-229414,15940
-229414,7100
-229414,-9
-229414,-11533
-229414,43746
-229414,104173
-229414,-27974
-229414,-19273
-229414,-181376
-229414,22320
-229414,1975
-229414,23557
-229414,18717
-229414,16362
-229414,14903
-229414,396542
-229414,-187457
-229414,36467
-229414,122522
-229414,41807
-229414,14877
-229414,26640
-229414,-7588
-229414,14960
-229414,69666
-229414,-13393
-229414,22421
-229414,-27301
-229414,24383
-229414,2301
-229414,-10321
-229414,28078
-229414,5401
-229414,-44825
-229414,5066
-229413,63743
-229413,27538
-229413,94228
-229413,73910
-229413,11358
-229413,-186736
-229413,16390
-229413,47010
-229413,220522
-229413,65554
-229413,-254880
-229413,34802
-229413,-56396
-229413,36975
-229413,-45196
-229413,39054
-229413,122348
-229413,27111
-229413,4341
-229413,20090
-229413,25363
-229413,42924
-229413,24363
-229413,7049
-229413,30489
-229413,24814
-229413,112610
-229413,37364
-229413,29495
-229413,45225
-229413,110214
-229413,33335
-229413,-8528
-229413,121413
-229413,-395729
-229413,3416
-229413,142713
-229413,26248
-229413,44393
-229413,5634
-229413,-10039
-229413,-85905
-229413,27745
-229413,43286
-229413,138353
-229413,13558
-229413,31482
-229413,34928
-229413,16503
-229413,19957
-229413,30155
-229413,19059
-229413,43414
-229413,98908
-229413,-69257
-229413,19519
-229413,4139
-229413,-141464
-229413,-126926
-229413,23597
-229413,89508
-229413,17987
-229413,106925
-229413,36724
-229413,142311
-229413,-22646
-229413,31367
-229413,-9287
-229413,19297
-229413,10773
-229413,-22727
-229413,-20883
-229413,8932
-229413,22239
-229413,33794
-229413,59568
-229413,86799
-229413,1407124
-229413,-15400
-229413,-4542
-229413,41916
-229413,-43658
-229413,174671
-229413,-189916
-229413,-1260
-229413,1019
-229413,-200233
-229413,23018
-229413,47016
-229413,24899
-229413,34655
-229413,49790
-229413,-1888
-229413,-11224
-229413,62111
-229413,57423
-229413,3329
-229413,6392
-229413,15626
-229413,-2604
-229413,111614
-229413,15828
-229413,-237365
-229413,-4027
-229413,283
-229413,100669
-229413,5857
-229413,19187
-229413,-69659
-229413,-16353
-229413,34990
-229413,24375
-229413,-32690
-229413,15664
-229413,18330
-229413,-36805
-229413,135363
-229413,6511
-229413,23007
-229413,16980
-229413,39919
-229413,5517
-229413,31883
-229413,-28825
-229413,41307
-229413,15831
-229413,57049
-229413,24827
-229413,50721
-229413,11345
-229413,17984
-229413,7975
-229413,2229
-229413,34039
-229413,60113
-229413,-3151
-229413,31029
-229413,89992
-229413,-5075
-229413,29909
-229413,386126
-229413,76554
-229413,228980
-229413,28974
-229413,2458
-229413,-128650
-229413,10579
-229413,-169450
-229413,-3014
-229413,-10809
-229413,130288
-229413,40041
-229413,-16734
-229413,32617
-229413,55174
-229413,126637
-229413,-110930
-229413,8374
-229413,-163473
-229413,4652
-229413,1128317
-229413,60788
-229413,31708
-229413,39484
-229413,-2119
-229413,175560
-229413,-27519
-229413,987
-229413,85462
-229413,-212910
-229413,45410
-229413,40202
-229413,46288
-229413,15750
-229413,44095
-229413,-26946
-229413,13679
-229413,-27994
-229413,-23799
-229413,11829
-229413,-1576
-229413,20252
-229413,-58133
-229413,46216
-229413,-30062
-229413,179462
-229413,33995
-229413,61164
-229413,14324
-229413,-15135
-229413,62703
-229413,-43778
-229413,49903
-229413,1616
-229413,38429
-229413,26975
-229413,49335
-229413,31928
-229413,48767
-229413,-4856
-229413,20760
-229413,-32020
-229413,22401
-229413,29583
-229413,8097
-229413,-14056
-229413,24637
-229413,37199
-229413,9640
-229413,31231
-229413,27825
-229413,3724
-229413,43901
-229413,118140
-229413,15118
-229413,-23081
-229413,38965
-229413,-465
-229413,408145
-229413,32278
-229413,38532
-229413,52648
-229413,13324
-229413,47163
-229413,34698
-229413,1136
-229413,43039
-229413,90968
-229413,22433
-229413,-107561
-229413,127362
-229413,41549
-229413,-793
-229413,45184
-229413,38320
-229413,30610
-229413,169347
-229413,124726
-229413,40460
-229413,11342
-229413,8617
-229413,-34459
-229413,30006
-229413,95865
-229413,44653
-229413,32485
-229413,36491
-229413,38123
-229413,-102980
-229413,54002
-229413,28651
-229413,25008
-229413,-7049
-229413,44128
-229413,46716
-229413,8765
-229413,33621
-229413,136251
-229413,4133
-229413,10331
-229413,-64336
-229413,43624
-229413,312484
-229413,177950
-229413,-112002
-229413,41202
-229413,23574
-229413,95592
-229413,15158
-229413,25101
-229413,91813
-229413,-160498
-229413,82843
-229413,18519
-229413,-19224
-229413,7186
-229413,-13553
-229413,6637
-229413,16564
-229413,37046
-229413,106904
-229413,131263
-229413,1878
-229413,34826
-229413,9847
-229413,95877
-229413,11402
-229413,93975
-229413,2591
-229413,29054
-229413,25549
-229413,136278
-229413,47835
-229413,8967
-229413,221542
-229413,-127128
-229413,82326
-229413,190877
-229413,40178
-229413,-14190
-229413,27136
-229413,-61873
-229413,67327
-229413,-20509
-229413,-70885
-229413,60168
-229413,-98070
-229413,-79799
-229413,48162
-229413,1141
-229413,58915
-229413,18084
-229413,108570
-229413,-268942
-229413,43523
-229413,34593
-229413,-64058
-229413,13566
-229413,174380
-229413,-9499
-229413,56322
-229413,41193
-229413,17787
-229413,-164957
-229413,48408
-229413,32049
-229413,-14050
-229413,23840
-229413,-107232
-229413,-1176
-229413,-17960
-229413,-20514
-229413,17790
-229413,18108
-229413,54735
-229413,-54020
-229413,51442
-229413,11321
-229413,-22047
-229413,-8472
-229413,3805
-229413,16129
-229413,-95123
-229413,-196103
-229413,30300
-229413,28405
-229413,11386
-229413,20489
-229413,-6170
-229413,47150
-229413,194930
-229413,169434
-229413,49805
-229413,172221
-229413,205940
-229413,-25722
-229413,16738
-229413,81721
-229413,157579
-229413,13643
-229413,33718
-229413,-33823
-229413,-12474
-229413,-7343
-229413,117282
-229413,-6150
-229413,16399
-229413,27645
-229413,-1971
-229413,83972
-229413,-89888
-229413,41802
-229413,14633
-229413,-11942
-229413,1153
-229413,59502
-229413,59209
-229413,-236845
-229413,53897
-229413,30148
-229413,56461
-229413,-9112
-229413,-49449
-229413,-72856
-229413,5433
-229413,32674
-229413,59774
-229413,3963
-229413,2620
-229413,16230
-229413,-2788
-229413,31512
-229413,21243
-229413,49066
-229413,59221
-229413,26754
-229413,-42314
-229413,4477
-229413,26916
-229413,24476
-229413,30973
-229413,3886
-229413,-12220
-229413,-113
-229413,40101
-229413,-10862
-229413,717
-229413,19837
-229413,38869
-229413,4954
-229413,33423
-229413,40598
-229413,4130
-229413,84890
-229413,27628
-229413,173247
-229413,9814
-229413,-48928
-229413,46199
-229413,21917
-229413,4748
-229413,-669
-229413,-3172
-229413,6652
-229413,33500
-229413,83165
-229413,-31957
-229413,31325
-229413,-161
-229413,19551
-229413,208472
-229413,95034
-229413,36812
-229413,-131329
-229413,153713
-229413,32492
-229413,-101207
-229413,31831
-229413,10337
-229413,387609
-229413,15766
-229413,-2156
-229413,-36708
-229413,11414
-229413,37890
-229413,82419
-229413,121739
-229413,-43015
-229413,8375
-229413,44322
-229413,-4676
-229413,70784
-229413,18507
-229413,14466
-229413,38716
-229413,104262
-229413,48024
-229413,28721
-229413,40779
-229413,95744
-229413,-13273
-229413,-77076
-229413,-17169
-229413,21840
-229413,62123
-229413,46585
-229413,73172
-229413,45881
-229413,225958
-229413,-69294
-229413,24545
-229413,38307
-229413,-9958
-229413,-18491
-229413,-29082
-229413,9362
-229413,128531
-229413,46094
-229413,111321
-229413,70833
-229413,33355
-229413,-6992
-229413,33379
-229413,23915
-229413,894
-229413,4747
-229413,-30547
-229413,43313
-229413,23662
-229413,42436
-229413,-156622
-229413,40606
-229413,71701
-229413,61043
-229413,-8919
-229413,8398
-229413,37808
-229413,48672
-229413,-11680
-229413,60675
-229412,55560
-229412,29220
-229412,21002
-229412,24259
-229412,26670
-229412,-79858
-229412,37242
-229412,33473
-229412,-71187
-229412,42186
-229412,54526
-229412,-209971
-229412,23239
-229412,15706
-229412,16983
-229412,59798
-229412,5404
-229412,-26584
-229412,80993
-229412,1346
-229412,33033
-229412,-99552
-229412,23960
-229412,34789
-229412,-1831
-229412,-25012
-229412,45470
-229412,112018
-229412,72681
-229412,94075
-229412,77821
-229412,355692
-229412,50604
-229412,48185
-229412,58173
-229412,23589
-229412,120635
-229412,61579
-229412,43745
-229412,20277
-229412,18391
-229412,-57466
-229412,-11714
-229412,40557
-229412,-47034
-229412,-47048
-229412,59636
-229412,-19613
-229412,38354
-229412,36368
-229412,113014
-229412,63812
-229412,29062
-229412,52656
-229412,21023
-229412,-5304
-229412,38364
-229412,25056
-229412,31336
-229412,-120497
-229412,23912
-229412,-34485
-229412,74298
-229412,124951
-229412,385030
-229412,18519
-229412,12873
-229412,89449
-229412,40525
-229412,20078
-229412,85531
-229412,34387
-229412,-146117
-229412,-4687
-229412,35216
-229412,60419
-229412,-486252
-229412,3479
-229412,278758
-229412,1519
-229412,12029
-229412,21530
-229412,106678
-229412,-44979
-229412,5750
-229412,-308792
-229412,20559
-229412,56858
-229412,26344
-229412,26680
-229412,7793
-229412,7037
-229412,123412
-229412,-1051
-229412,334
-229412,23214
-229412,19769
-229412,29277
-229412,-25959
-229412,30163
-229412,-89231
-229412,31920
-229412,24202
-229412,19500
-229412,9608
-229412,43180
-229412,10015
-229412,19692
-229412,76834
-229412,-169877
-229412,36116
-229412,25318
-229412,29006
-229412,81323
-229412,33327
-229412,42733
-229412,10056
-229412,37667
-229412,12703
-229412,-59894
-229412,45123
-229412,36591
-229412,-36761
-229412,216778
-229412,-1016438
-229412,45150
-229412,42907
-229412,26210
-229412,-186197
-229412,17241
-229412,65037
-229412,97622
-229412,29631
-229412,-31843
-229412,-14097
-229412,38852
-229412,11999
-229412,59246
-229412,-213493
-229412,-127845
-229412,37167
-229412,7109
-229412,-73984
-229412,-91895
-229412,-110761
-229412,16222
-229412,97482
-229412,-225399
-229412,12643
-229412,23803
-229412,41569
-229412,-6392
-229412,22675
-229412,30359
-229412,22408
-229412,20272
-229412,146326
-229412,49806
-229412,21824
-229412,794
-229412,26584
-229412,37370
-229412,3675
-229412,8161
-229412,-73787
-229412,7545
-229412,40847
-229412,75729
-229412,14481
-229412,73235
-229412,55103
-229412,27154
-229412,39327
-229412,13997
-229412,-972
-229412,298674
-229412,41605
-229412,37111
-229412,43737
-229412,-55364
-229412,154765
-229412,19006
-229412,-31565
-229412,120325
-229412,78984
-229412,80338
-229412,5049
-229412,16443
-229412,116331
-229412,-176446
-229412,23694
-229412,-38162
-229412,-40509
-229412,-8306
-229412,123710
-229412,54474
-229412,211780
-229412,91859
-229412,64196
-229412,28608
-229412,775
-229412,44982
-229412,-249744
-229412,-162046
-229412,-17887
-229412,3402
-229412,62316
-229412,69441
-229412,72179
-229412,47062
-229412,56029
-229412,29716
-229412,43479
-229412,12171
-229412,80952
-229412,140211
-229412,57719
-229412,51704
-229412,36087
-229412,59488
-229412,26119
-229412,215012
-229412,45845
-229412,4260
-229412,229830
-229412,36505
-229412,56302
-229412,123651
-229412,-56114
-229412,145259
-229412,45261
-229412,-255286
-229412,42431
-229412,35455
-229412,93479
-229412,-5356
-229412,15348
-229412,10281
-229412,4829
-229412,34350
-229412,109794
-229412,75343
-229412,93783
-229412,73558
-229412,46728
-229412,31088
-229412,30247
-229412,15541
-229412,110535
-229412,-79248
-229412,30577
-229412,-318
-229412,42770
-229412,49621
-229412,27789
-229412,7774
-229412,-83910
-229412,-21285
-229412,38441
-229412,107789
-229412,127767
-229412,29647
-229412,64666
-229412,-97317
-229412,-40109
-229412,32185
-229412,22915
-229412,44672
-229412,89615
-229412,4465
-229412,-3216
-229412,31298
-229412,-12152
-229412,-360726
-229412,29200
-229412,14146
-229412,25918
-229412,115062
-229412,46370
-229412,-7924
-229412,27591
-229412,23225
-229412,-24453
-229412,158025
-229412,8194
-229412,-119335
-229412,-33958
-229412,8238
-229412,20149
-229412,23867
-229412,10707
-229412,23900
-229412,39633
-229412,18757
-229412,64550
-229412,22361
-229412,23721
-229412,-7958
-229412,9038
-229412,68048
-229412,112721
-229412,-16363
-229412,-6763
-229412,63969
-229412,49767
-229412,75564
-229412,-12292
-229412,-8463
-229412,62715
-229412,-9475
-229412,17338
-229412,48474
-229412,114899
-229412,64984
-229412,16352
-229412,117598
-229412,21747
-229412,-26225
-229412,240013
-229412,102097
-229412,2655
-229412,1919
-229412,-15154
-229412,-136183
-229412,85415
-229412,139983
-229412,46764
-229412,-79873
-229412,34121
-229412,-298612
-229412,232850
-229412,56410
-229412,130447
-229412,38107
-229412,43052
-229412,21840
-229412,86640
-229412,75527
-229412,9204
-229412,86102
-229412,38932
-229412,-19913
-229412,259485
-229412,-147859
-229412,8629
-229412,51137
-229412,44510
-229412,234535
-229412,3450
-229412,-309660
-229412,86176
-229412,35992
-229412,-142538
-229412,21852
-229412,-46326
-229412,42733
-229412,20445
-229412,-26243
-229412,-70820
-229412,132201
-229412,20655
-229412,-54039
-229412,144837
-229412,-573
-229412,17729
-229412,295260
-229412,86303
-229412,-31541
-229412,-204263
-229412,-116516
-229412,181646
-229412,34256
-229412,85102
-229412,-9371
-229412,106819
-229412,80352
-229412,105839
-229412,44286
-229412,40375
-229412,254319
-229412,-5512
-229412,13009
-229412,-23460
-229412,681
-229412,-47304
-229412,96150
-229412,-64162
-229412,32363
-229412,-17210
-229412,3074
-229412,25412
-229412,232718
-229412,240149
-229412,21054
-229412,-15962
-229412,34531
-229412,12417
-229412,3115
-229412,1806
-229412,32855
-229412,77696
-229412,34464
-229412,158617
-229412,31836
-229412,-11960
-229412,8904
-229412,8279
-229412,-4300
-229412,38837
-229412,92530
-229412,48590
-229412,6964
-229412,35156
-229412,-443
-229412,-5755
-229412,-242
-229412,-148924
-229412,48328
-229412,-24600
-229412,6477
-229412,5179
-229412,-21325
-229412,84341
-229412,-8025
-229412,80733
-229412,29203
-229412,73133
-229412,-89070
-229412,-77
-229412,165662
-229412,-584
-229412,362864
-229412,-682
-229412,-103979
-229412,-360269
-229412,130775
-229412,92886
-229412,-114157
-229412,6621
-229412,53378
-229412,25101
-229412,-132390
-229412,20042
-229412,134630
-229412,125
-229412,10919
-229412,450804
-229412,-2756
-229412,38074
-229412,-10575
-229412,56251
-229412,14924
-229412,-4792
-229412,-51052
-229412,4707
-229412,77015
-229412,-11575
-229412,-31558
-229412,31381
-229412,63449
-229412,-97158
-229412,41879
-229412,12316
-229412,-56150
-229412,-9161
-229412,87457
-229412,-9060
-229412,40767
-229412,-9886
-229412,147343
-229412,-83874
-229412,35211
-229412,27498
-229412,146212
-229412,-33242
-229412,-9201
-229412,-7418
-229412,1510
-229412,51253
-229412,-348435
-229412,13247
-229412,-20417
-229412,46731
-229412,27198
-229412,10760
-229412,-12728
-229412,849
-229412,76765
-229412,-22275
-229412,92641
-229412,21724
-229412,39911
-229412,61003
-229412,283701
-229412,41742
-229412,41061
-229412,18439
-229412,27011
-229412,45389
-229412,32505
-229411,79030
-229411,35809
-229411,19128
-229411,131074
-229411,28031
-229411,-19156
-229411,1297
-229411,80320
-229411,14288
-229411,9185
-229411,8795
-229411,103956
-229411,-5138
-229411,40117
-229411,-86518
-229411,-283225
-229411,-18925
-229411,11096
-229411,-22928
-229411,-23670
-229411,15645
-229411,19310
-229411,17645
-229411,210
-229411,137038
-229411,46547
-229411,24416
-229411,-61853
-229411,-22222
-229411,-44881
-229411,282549
-229411,77418
-229411,37470
-229411,-62861
-229411,-80364
-229411,13260
-229411,1123
-229411,-67775
-229411,10184
-229411,11144
-229411,6080
-229411,-4828
-229411,-2758
-229411,41210
-229411,3314
-229411,20824
-229411,10814
-229411,-42964
-229411,23207
-229411,-29685
-229411,464
-229411,173480
-229411,6533
-229411,-4469
-229411,11709
-229411,61410
-229411,106773
-229411,140069
-229411,-10237
-229411,58069
-229411,-94576
-229411,8353
-229411,-5247
-229411,122154
-229411,174217
-229411,76
-229411,2977
-229411,194917
-229411,1048
-229411,-12413
-229411,1108
-229411,85500
-229411,3659
-229411,60475
-229411,-107705
-229411,-7332
-229411,3885
-229411,-144148
-229411,29735
-229411,-16721
-229411,4929
-229411,64058
-229411,-5918
-229411,-3731
-229411,68974
-229411,45695
-229411,-2616
-229411,7101
-229411,4553
-229411,-186176
-229411,181751
-229411,-5489
-229411,1435
-229411,96513
-229411,1274
-229411,-1326
-229411,-21019
-229411,53873
-229411,6469
-229411,32558
-229411,61095
-229411,-18048
-229411,-862
-229411,50601
-229411,192737
-229411,22248
-229411,265
-229411,126359
-229411,-54107
-229411,28244
-229411,-3878
-229411,21812
-229411,105421
-229411,-18991
-229411,15698
-229411,-20433
-229411,-7847
-229411,27168
-229411,11558
-229411,-75544
-229411,18419
-229411,34907
-229411,-12968
-229411,56739
-229411,59592
-229411,13879
-229411,-18378
-229411,7049
-229411,-29429
-229411,23691
-229411,-1172
-229411,21401
-229411,81251
-229411,25343
-229411,-39515
-229411,20663
-229411,251
-229411,34689
-229411,34177
-229411,14368
-229411,4071
-229411,-162503
-229411,-8637
-229411,-36039
-229411,13755
-229411,7484
-229411,-50
-229411,5471
-229411,108012
-229411,-95715
-229411,118608
-229411,23037
-229411,72218
-229411,76568
-229411,1660
-229411,891
-229411,-45712
-229411,-59048
-229411,14098
-229411,220973
-229411,10644
-229411,-4691
-229411,103626
-229411,137609
-229411,-75593
-229411,53370
-229411,173424
-229411,-23964
-229411,132039
-229411,268269
-229411,-5316
-229411,-7251
-229411,-34576
-229411,104284
-229411,81307
-229411,-63002
-229411,-4277
-229411,-46039
-229411,17717
-229411,25378
-229411,-19845
-229411,83093
-229411,2101
-229411,23703
-229411,593
-229411,-11296
-229411,-311492
-229411,-24276
-229411,-88506
-229411,41770
-229411,-2959
-229411,17395
-229411,29623
-229411,-154012
-229411,148170
-229411,27772
-229411,149049
-229411,323956
-229411,162626
-229411,6837
-229411,12901
-229411,27091
-229411,-30743
-229411,8916
-229411,6203
-229411,11511
-229411,3278
-229411,-47270
-229411,-40960
-229411,-171097
-229411,-22219
-229411,-6742
-229411,78075
-229411,-11083
-229411,40130
-229411,261731
-229411,-16081
-229411,7456
-229411,92246
-229411,-42996
-229411,-17616
-229411,23634
-229411,-169929
-229411,-28011
-229411,-31570
-229411,-2156
-229411,-9813
-229411,-148487
-229411,-12590
-229411,30433
-229411,39184
-229411,12196
-229411,142359
-229411,8396
-229411,20890
-229411,9838
-229411,23565
-229411,232375
-229411,-2140
-229411,-2169
-229411,-8742
-229411,-19714
-229411,-44305
-229411,42749
-229411,-8359
-229411,98066
-229411,-62258
-229411,17702
-229411,-10984
-229411,-35177
-229411,-58967
-229411,29507
-229411,14005
-229411,-57
-229411,-13075
-229411,-102724
-229411,19922
-229411,33564
-229411,-80864
-229411,179725
-229411,10433
-229411,92000
-229411,174697
-229411,-39066
-229411,11225
-229411,6533
-229411,24948
-229411,-5231
-229411,39763
-229411,18236
-229411,36769
-229411,-168232
-229411,261168
-229411,-13746
-229411,-16940
-229411,107887
-229411,1174188
-229411,9891
-229411,4313
-229411,26464
-229411,83157
-229411,-4893
-229411,11438
-229411,-12116
-229411,54333
-229411,17177
-229411,49653
-229411,203773
-229411,8552
-229411,37930
-229411,-255759
-229411,34023
-229411,-30259
-229411,15912
-229411,96569
-229411,85068
-229411,-17431
-229411,3147
-229411,132174
-229411,21809
-229411,-401450
-229411,81827
-229411,-107258
-229411,13434
-229411,44684
-229411,-1225
-229411,-6038
-229411,12748
-229411,266335
-229411,-322074
-229411,28620
-229411,7589
-229411,-10495
-229411,49118
-229411,-31263
-229411,79064
-229411,22440
-229411,-9422
-229411,-61264
-229411,-4389
-229411,-191367
-229411,347373
-229411,73661
-229411,-22014
-229411,-42015
-229411,-7810
-229411,79140
-229411,3599
-229411,-18761
-229411,-17928
-229411,7493
-229411,1025
-229411,94873
-229411,-10443
-229411,-200283
-229411,12150
-229411,-95672
-229411,10806
-229411,45051
-229411,2470
-229411,-9544
-229411,13497
-229411,277797
-229411,-20998
-229411,2108
-229411,-9269
-229411,-40734
-229411,10383
-229411,55404
-229411,-58539
-229411,-3599
-229411,31951
-229411,-326
-229411,75472
-229411,1027
-229411,-10603
-229411,96623
-229411,-28265
-229411,913501
-229411,192277
-229411,4466
-229411,15109
-229411,-3445
-229411,31855
-229411,9073
-229411,39683
-229411,-22756
-229411,265176
-229411,-98262
-229411,-182689
-229411,35342
-229411,15767
-229411,10963
-229411,81239
-229411,-8448
-229411,10358
-229411,-8601
-229411,-2580
-229411,266000
-229411,-14492
-229411,-32372
-229411,1601
-229411,-7823
-229411,13594
-229411,8218
-229411,16472
-229411,-15283
-229411,597
-229411,25863
-229411,35789
-229411,15484
-229411,20079
-229411,18564
-229411,47138
-229411,134929
-229411,-19692
-229411,14722
-229411,-12585
-229411,-11867
-229411,-778
-229411,24666
-229411,-10899
-229411,-1172
-229411,69563
-229411,-169758
-229411,-153974
-229411,-6561
-229411,63836
-229411,4300
-229411,3664
-229411,-10784
-229411,17238
-229411,770
-229411,4646
-229411,47770
-229411,-19744
-229411,-50284
-229411,11761
-229411,55470
-229411,45667
-229411,118
-229411,118207
-229411,39219
-229411,-11723
-229411,17627
-229411,8830
-229411,98248
-229411,-82878
-229411,14094
-229411,26298
-229411,-6093
-229411,32420
-229411,-51789
-229411,99496
-229411,-194525
-229411,-19744
-229411,15169
-229411,94760
-229411,32238
-229411,-187724
-229411,-189272
-229411,116328
-229411,157891
-229411,19606
-229411,50175
-229411,6397
-229411,23330
-229411,5979
-229411,3028
-229411,4456
-229411,26753
-229411,51980
-229411,-5562
-229411,-2419
-229411,102666
-229411,-40780
-229411,177093
-229411,-388284
-229411,-6355
-229411,79590
-229411,91484
-229411,87706
-229411,-28354
-229411,89232
-229411,86182
-229411,-69272
-229411,-6670
-229411,70675
-229411,3362
-229411,-136164
-229411,14671
-229411,13631
-229411,69869
-229411,4316
-229411,10520
-229411,31834
-229411,-9197
-229411,-13501
-229411,27342
-229411,-98086
-229411,-2048
-229411,-8690
-229411,-111112
-229411,39058
-229411,-16721
-229411,6968
-229411,112301
-229411,-76274
-229411,5348
-229411,23315
-229411,24968
-229411,42858
-229411,59105
-229411,158290
-229411,-14896
-229411,-616
-229411,-40599
-229411,-235813
-229411,21086
-229411,45784
-229410,120345
-229410,18028
-229410,45824
-229410,42032
-229410,6793
-229410,13977
-229410,-12017
-229410,2089
-229410,44550
-229410,-191706
-229410,16547
-229410,4771
-229410,48758
-229410,13828
-229410,4457
-229410,20059
-229410,99923
-229410,-11450
-229410,-106441
-229410,39686
-229410,-12635
-229410,39408
-229410,-10293
-229410,21751
-229410,4606
-229410,-12367
-229410,39477
-229410,-34625
-229410,-35063
-229410,21364
-229410,216302
-229410,3103
-229410,-30871
-229410,-117959
-229410,3353
-229410,15867
-229410,-32234
-229410,233093
-229410,-19959
-229410,85
-229410,51157
-229410,28131
-229410,35075
-229410,-20075
-229410,12667
-229410,276896
-229410,89383
-229410,22254
-229410,-2422
-229410,-10348
-229410,39569
-229410,6456
-229410,14663
-229410,56190
-229410,31057
-229410,27124
-229410,-58993
-229410,135789
-229410,28845
-229410,76362
-229410,5393
-229410,52301
-229410,24089
-229410,6855
-229410,-18544
-229410,342182
-229410,44168
-229410,88642
-229410,223529
-229410,58765
-229410,16951
-229410,6899
-229410,694
-229410,74492
-229410,-1641
-229410,-2350
-229410,-15219
-229410,31090
-229410,43248
-229410,278055
-229410,-4357
-229410,61754
-229410,29876
-229410,38806
-229410,47030
-229410,42028
-229410,251768
-229410,50632
-229410,165335
-229410,-11312
-229410,286
-229410,13804
-229410,-58101
-229410,8375
-229410,60125
-229410,47838
-229410,-145405
-229410,8448
-229410,62805
-229410,50077
-229410,30136
-229410,65173
-229410,12524
-229410,45377
-229410,13120
-229410,-106960
-229410,-2863
-229410,91550
-229410,74049
-229410,40472
-229410,18462
-229410,-10747
-229410,15649
-229410,15157
-229410,-12769
-229410,84052
-229410,-1479
-229410,48930
-229410,21204
-229410,-24725
-229410,15118
-229410,73295
-229410,59757
-229410,37298
-229410,42798
-229410,37276
-229410,3817
-229410,-2151
-229410,13618
-229410,292452
-229410,9149
-229410,-15508
-229410,36591
-229410,-5961
-229410,38663
-229410,-4736
-229410,6944
-229410,-263820
-229410,65832
-229410,1173
-229410,4826
-229410,-5527
-229410,1826
-229410,5433
-229410,-1423
-229410,-31421
-229410,240000
-229410,72117
-229410,-556
-229410,71946
-229410,6622
-229410,32363
-229410,22702
-229410,59668
-229410,26326
-229410,38494
-229410,31597
-229410,557815
-229410,46699
-229410,43652
-229410,-20328
-229410,-221860
-229410,29962
-229410,-103008
-229410,51250
-229410,20526
-229410,80385
-229410,13260
-229410,30751
-229410,74410
-229410,12138
-229410,1580
-229410,23166
-229410,549613
-229410,-12566
-229410,1156
-229410,81618
-229410,23045
-229410,39965
-229410,2789
-229410,26559
-229410,222287
-229410,175165
-229410,156589
-229410,21021
-229410,3010
-229410,-283971
-229410,16286
-229410,97815
-229410,-45474
-229410,-343492
-229410,163349
-229410,895
-229410,11390
-229410,-17790
-229410,38187
-229410,-12663
-229410,34552
-229410,9600
-229410,9068
-229410,43399
-229410,-132272
-229410,-72395
-229410,54296
-229410,-166162
-229410,35563
-229410,24206
-229410,14622
-229410,27842
-229410,13821
-229410,35335
-229410,5964
-229410,17467
-229410,12010
-229410,224494
-229410,314530
-229410,125638
-229410,13785
-229410,11005
-229410,-54135
-229410,40411
-229410,-1499
-229410,48670
-229410,-310
-229410,37422
-229410,6469
-229410,1940
-229410,47069
-229410,73146
-229410,74411
-229410,29293
-229410,19297
-229410,31626
-229410,43891
-229410,198820
-229410,-264267
-229410,35152
-229410,39880
-229410,96066
-229410,118261
-229410,-266856
-229410,14053
-229410,17935
-229410,21369
-229410,28773
-229410,4972
-229410,48715
-229410,97170
-229410,-2652
-229410,34003
-229410,39577
-229410,2563
-229410,37014
-229410,49382
-229410,48097
-229410,7268
-229410,26107
-229410,44103
-229410,10244
-229410,106973
-229410,-7865
-229410,21844
-229410,117952
-229410,47561
-229410,53696
-229410,124306
-229410,-57047
-229410,62413
-229410,1818
-229410,213179
-229410,40686
-229410,101766
-229410,181750
-229410,37022
-229410,18736
-229410,2737
-229410,-3837
-229410,61816
-229410,115164
-229410,-47537
-229410,34495
-229410,-4942
-229410,-8887
-229410,45043
-229410,61695
-229410,-9338
-229410,-4164
-229410,151922
-229410,42077
-229410,20442
-229410,110269
-229410,-90134
-229410,50377
-229410,-10840
-229410,60757
-229410,30167
-229410,10217
-229410,37647
-229410,28600
-229410,1438016
-229410,28305
-229410,21570
-229410,230
-229410,-7970
-229410,127946
-229410,-4104
-229410,-24497
-229410,-36687
-229410,50293
-229410,108754
-229410,43814
-229410,50423
-229410,23380
-229410,22473
-229410,24554
-229410,-225485
-229410,101060
-229410,132193
-229410,14462
-229410,36538
-229410,80656
-229410,32710
-229410,25194
-229410,27152
-229410,316071
-229410,23037
-229410,30111
-229410,75225
-229410,40279
-229410,12851
-229410,35309
-229410,117459
-229410,-5704
-229410,31319
-229410,-3510
-229410,7041
-229410,-10217
-229410,65633
-229410,32904
-229410,-13812
-229410,84761
-229410,-9527
-229410,33693
-229410,29639
-229410,-5655
-229410,-382214
-229410,19716
-229410,30227
-229410,35781
-229410,39465
-229410,72146
-229410,-7597
-229410,27245
-229410,-1327394
-229410,25073
-229410,-1322
-229410,69777
-229410,17620
-229410,-387679
-229410,60611
-229410,19800
-229410,249838
-229410,32432
-229410,49235
-229410,53039
-229410,-308185
-229410,29856
-229410,48811
-229410,7726
-229410,36031
-229410,89694
-229410,21728
-229410,-52969
-229410,41549
-229410,33955
-229410,12748
-229410,-5106
-229410,-34726
-229410,-410817
-229410,-1230
-229410,-12957
-229410,10299
-229410,97377
-229410,19184
-229410,53865
-229410,1519
-229410,84459
-229410,19454
-229410,54175
-229410,38796
-229410,15186
-229410,-16473
-229410,46384
-229410,19446
-229410,279723
-229410,77886
-229410,28921
-229410,45050
-229410,8288
-229410,6783
-229410,101762
-229410,39154
-229410,118328
-229410,48891
-229410,114924
-229410,-17274
-229410,29188
-229410,72972
-229410,15745
-229410,51911
-229410,211204
-229410,38336
-229410,22844
-229410,8076
-229410,115961
-229410,-20708
-229410,36310
-229410,34154
-229410,94181
-229410,40749
-229410,19265
-229410,283754
-229410,28873
-229410,34692
-229410,61829
-229410,21385
-229410,106202
-229410,-1908
-229410,33432
-229410,44970
-229410,20010
-229410,-55392
-229410,79775
-229410,128976
-229410,2510
-229410,13897
-229410,38406
-229410,-154029
-229410,15675
-229410,62296
-229410,14721
-229410,41379
-229410,1676
-229410,-56329
-229410,68103
-229410,-4160
-229410,-24435
-229410,-63155
-229410,65920
-229410,18253
-229410,106911
-229410,13134
-229410,65520
-229410,14598
-229410,53216
-229410,48126
-229410,59403
-229410,129116
-229410,38591
-229410,43410
-229410,28233
-229410,-284064
-229410,32614
-229410,110899
-229410,95572
-229410,133850
-229410,2978
-229410,10739
-229410,54360
-229410,-135321
-229410,-27998
-229410,39639
-229410,57609
-229410,-30308
-229410,438464
-229410,41166
-229410,-205196
-229410,-123440
-229410,35681
-229410,7151
-229410,-1169
-229410,35343
-229410,39307
-229410,-2902
-229410,23183
-229410,15581
-229410,-1402
-229410,35024
-229410,26629
-229410,90115
-229410,99973
-229410,28953
-229410,-5039
-229410,55699
-229410,-138727
-229410,-46131
-229410,12212
-229410,-10141
-229410,22646
-229410,71212
-229409,210128
-229409,62900
-229409,110157
-229409,42117
-229409,25048
-229409,64686
-229409,27544
-229409,2805
-229409,11793
-229409,36956
-229409,104636
-229409,114965
-229409,62526
-229409,149914
-229409,6726
-229409,13433
-229409,13152
-229409,9708
-229409,46324
-229409,1963
-229409,-12862
-229409,83164
-229409,36493
-229409,22485
-229409,35866
-229409,41870
-229409,38066
-229409,28559
-229409,39288
-229409,114749
-229409,-21314
-229409,30018
-229409,273295
-229409,-17511
-229409,-10845
-229409,97792
-229409,156230
-229409,-3341
-229409,-23138
-229409,21817
-229409,-7211
-229409,38159
-229409,47389
-229409,16935
-229409,26072
-229409,-79406
-229409,25202
-229409,10209
-229409,23618
-229409,53399
-229409,-4369
-229409,82489
-229409,43108
-229409,290740
-229409,-121915
-229409,63929
-229409,-80377
-229409,57765
-229409,-54446
-229409,13550
-229409,46634
-229409,14211
-229409,52902
-229409,88666
-229409,95864
-229409,92826
-229409,-988
-229409,113002
-229409,96580
-229409,3459
-229409,233
-229409,69228
-229409,54186
-229409,402833
-229409,-6379
-229409,16379
-229409,42355
-229409,26802
-229409,127419
-229409,-27988
-229409,9527
-229409,-1038423
-229409,19918
-229409,3982
-229409,99553
-229409,2805
-229409,4143
-229409,53970
-229409,433267
-229409,174395
-229409,-9612
-229409,49133
-229409,-97468
-229409,4412
-229409,39210
-229409,69269
-229409,35762
-229409,46530
-229409,-140173
-229409,66770
-229409,26882
-229409,83586
-229409,-58745
-229409,6391
-229409,50947
-229409,133540
-229409,27056
-229409,162711
-229409,-4466
-229409,66802
-229409,13171
-229409,28514
-229409,21940
-229409,90372
-229409,35660
-229409,26153
-229409,79026
-229409,-139934
-229409,31778
-229409,72920
-229409,81950
-229409,25710
-229409,35560
-229409,40106
-229409,76293
-229409,25958
-229409,50915
-229409,37731
-229409,44191
-229409,23634
-229409,1907
-229409,30135
-229409,-16722
-229409,72389
-229409,31409
-229409,30368
-229409,53668
-229409,17971
-229409,42533
-229409,-54583
-229409,49133
-229409,95594
-229409,44143
-229409,2446
-229409,156
-229409,63111
-229409,30021
-229409,26688
-229409,29542
-229409,82307
-229409,19439
-229409,40552
-229409,21239
-229409,3474
-229409,-13135
-229409,-7629
-229409,-5337
-229409,7690
-229409,57206
-229409,-35141
-229409,42799
-229409,-91344
-229409,37421
-229409,5897
-229409,33613
-229409,72050
-229409,26973
-229409,-6074
-229409,3955
-229409,-158693
-229409,114666
-229409,83894
-229409,-94687
-229409,117779
-229409,31590
-229409,40444
-229409,18822
-229409,22662
-229409,147755
-229409,-41326
-229409,25878
-229409,-118769
-229409,40170
-229409,168636
-229409,29728
-229409,2205
-229409,8520
-229409,-641
-229409,28292
-229409,-1363
-229409,-1178340
-229409,-16117
-229409,21374
-229409,78716
-229409,80294
-229409,33424
-229409,61502
-229409,377966
-229409,38078
-229409,-135842
-229409,87107
-229409,91557
-229409,612
-229409,370121
-229409,-12667
-229409,-18867
-229409,350463
-229409,26055
-229409,33556
-229409,7762
-229409,36325
-229409,24569
-229409,56554
-229409,18349
-229409,38593
-229409,886
-229409,50902
-229409,13026
-229409,145563
-229409,10576
-229409,54272
-229409,75977
-229409,23405
-229409,98243
-229409,12635
-229409,5299
-229409,6340
-229409,104466
-229409,1305
-229409,48316
-229409,185943
-229409,31235
-229409,95754
-229409,16770
-229409,-13808
-229409,-27667
-229409,106533
-229409,20362
-229409,-12756
-229409,6843
-229409,35309
-229409,80818
-229409,8852
-229409,52389
-229409,29550
-229409,46992
-229409,116151
-229409,49158
-229409,55302
-229409,115049
-229409,30618
-229409,-51477
-229409,-4890
-229409,11301
-229409,54122
-229409,57452
-229409,-8855
-229409,37445
-229409,42685
-229409,50040
-229409,-30994
-229409,42592
-229409,34749
-229409,41420
-229409,12292
-229409,37608
-229409,68253
-229409,26712
-229409,26608
-229409,-3836
-229409,144375
-229409,20877
-229409,33286
-229409,-38965
-229409,99418
-229409,58169
-229409,62983
-229409,3241
-229409,22211
-229409,4780
-229409,7540
-229409,70446
-229409,-1770
-229409,-33319
-229409,48831
-229409,65755
-229409,53873
-229409,3063
-229409,28029
-229409,29101
-229409,89806
-229409,20147
-229409,39983
-229409,258749
-229409,-36383
-229409,60741
-229409,59782
-229409,-75472
-229409,-19570
-229409,28269
-229409,46975
-229409,44636
-229409,81415
-229409,102169
-229409,74166
-229409,79944
-229409,26794
-229409,46042
-229409,27362
-229409,291209
-229409,30302
-229409,-7214
-229409,9503
-229409,14920
-229409,10375
-229409,-49738
-229409,-23308
-229409,109750
-229409,1162561
-229409,39348
-229409,-2713
-229409,-31753
-229409,14275
-229409,47009
-229409,-5682
-229409,73017
-229409,43838
-229409,83807
-229409,75475
-229409,115577
-229409,5961
-229409,-45917
-229409,-5324
-229409,-5251
-229409,-258834
-229409,20773
-229409,76003
-229409,61894
-229409,143436
-229409,33407
-229409,60828
-229409,64856
-229409,-50537
-229409,5389
-229409,-219047
-229409,46747
-229409,5139
-229409,-143394
-229409,18681
-229409,169337
-229409,52777
-229409,16777
-229409,49327
-229409,102566
-229409,-125718
-229409,73005
-229409,31749
-229409,75604
-229409,55945
-229409,103752
-229409,-181775
-229409,45752
-229409,59447
-229409,63657
-229409,36949
-229409,-73513
-229409,240094
-229409,36294
-229409,14384
-229409,-80276
-229409,-30795
-229409,-53144
-229409,35635
-229409,26213
-229409,15098
-229409,-39142
-229409,59890
-229409,29756
-229409,369933
-229409,39199
-229409,37059
-229409,24275
-229409,43700
-229409,131669
-229409,179047
-229409,26636
-229409,27211
-229409,26943
-229409,25198
-229409,47005
-229409,33226
-229409,30239
-229409,46601
-229409,7959
-229409,12284
-229409,44862
-229409,-47844
-229409,9197
-229409,35494
-229409,38184
-229409,25186
-229409,125237
-229409,3172
-229409,19394
-229409,-357132
-229409,-14723
-229409,-42012
-229409,-3705
-229409,-49931
-229409,13110
-229409,35640
-229409,25588
-229409,22268
-229409,22900
-229409,37325
-229409,19595
-229409,11554
-229409,-9968
-229409,-14429
-229409,45233
-229409,62800
-229409,-97642
-229409,351513
-229409,22718
-229409,137333
-229409,65205
-229409,11003
-229409,111708
-229409,14634
-229409,35677
-229409,43016
-229409,96482
-229409,18200
-229409,9253
-229409,7468
-229409,29018
-229409,-39654
-229409,30707
-229409,26621
-229409,4066
-229409,-5667
-229409,51028
-229409,30956
-229409,-6375
-229409,-10096
-229409,8527
-229409,45035
-229409,-6205
-229409,213202
-229409,-47251
-229409,-398404
-229409,127717
-229409,21732
-229409,20350
-229409,132400
-229409,95619
-229409,11317
-229409,42068
-229409,10478
-229409,37285
-229409,119857
-229409,9328
-229409,21589
-229409,38013
-229409,26209
-229409,-27805
-229409,90199
-229409,33854
-229409,76036
-229409,115835
-229409,5263
-229409,38125
-229409,11395
-229409,22114
-229409,28054
-229409,232117
-229409,36784
-229409,121562
-229409,-11080
-229409,27225
-229409,2874
-229409,34056
-229409,27305
-229409,-605
-229409,131892
-229409,9315
-229409,-11027
-229409,78771
-229409,-5034
-229409,-238
-229409,616
-229409,160757
-229409,-27728
-229409,18507
-229409,2374
-229409,34624
-229409,112184
-229409,8319
-229409,-18624
-229409,-31763
-229408,180184
-229408,-19544
-229408,-11140
-229408,112642
-229408,-920
-229408,35124
-229408,22703
-229408,33504
-229408,36574
-229408,19703
-229408,-105971
-229408,13046
-229408,70147
-229408,-7175
-229408,35849
-229408,353322
-229408,43668
-229408,7753
-229408,-10453
-229408,33799
-229408,13268
-229408,-23448
-229408,86003
-229408,113243
-229408,-1011655
-229408,3736
-229408,16677
-229408,23903
-229408,24952
-229408,18003
-229408,-69777
-229408,139033
-229408,-6542
-229408,150517
-229408,-20
-229408,36977
-229408,-57924
-229408,68019
-229408,29189
-229408,5758
-229408,-27002
-229408,6699
-229408,58006
-229408,126707
-229408,-26416
-229408,123937
-229408,12336
-229408,-51903
-229408,112176
-229408,-935
-229408,19539
-229408,14364
-229408,24375
-229408,16762
-229408,20987
-229408,83707
-229408,-7456
-229408,-21900
-229408,90214
-229408,-270
-229408,27091
-229408,-7162
-229408,-83663
-229408,16733
-229408,78353
-229408,2124
-229408,29002
-229408,-27591
-229408,32436
-229408,14566
-229408,-20599
-229408,10774
-229408,-144261
-229408,37946
-229408,11773
-229408,-8068
-229408,-7053
-229408,13527
-229408,31891
-229408,51569
-229408,-15589
-229408,35797
-229408,17112
-229408,17113
-229408,57722
-229408,7303
-229408,-913
-229408,-149935
-229408,142632
-229408,207871
-229408,-7170
-229408,58201
-229408,8303
-229408,130493
-229408,66417
-229408,1922
-229408,20406
-229408,-11220
-229408,139948
-229408,54724
-229408,-2909
-229408,-5155
-229408,150006
-229408,7108
-229408,-4164
-229408,10091
-229408,115331
-229408,10393
-229408,-38449
-229408,115622
-229408,18902
-229408,1793
-229408,19401
-229408,45414
-229408,-4267
-229408,5434
-229408,20003
-229408,-11301
-229408,15924
-229408,21965
-229408,20555
-229408,-22610
-229408,-38393
-229408,-91033
-229408,14622
-229408,44849
-229408,49810
-229408,7524
-229408,184693
-229408,-22973
-229408,-5578
-229408,-9804
-229408,90062
-229408,18072
-229408,10818
-229408,15561
-229408,83816
-229408,67823
-229408,11256
-229408,71856
-229408,15041
-229408,-52799
-229408,20147
-229408,-3252
-229408,24753
-229408,126376
-229408,50540
-229408,-2946
-229408,60441
-229408,154320
-229408,28587
-229408,11106
-229408,9424
-229408,284535
-229408,-10309
-229408,7291
-229408,32344
-229408,-3268
-229408,-19401
-229408,16105
-229408,192606
-229408,131109
-229408,5833
-229408,-7617
-229408,5017
-229408,25045
-229408,-549
-229408,-145427
-229408,124986
-229408,54017
-229408,8681
-229408,-6521
-229408,10398
-229408,11688
-229408,92085
-229408,19764
-229408,107856
-229408,-20474
-229408,84492
-229408,-5300
-229408,17546
-229408,19084
-229408,-673
-229408,-18028
-229408,-17755
-229408,8891
-229408,59762
-229408,346458
-229408,-55332
-229408,-8209
-229408,39585
-229408,25548
-229408,18685
-229408,-35737
-229408,28696
-229408,4707
-229408,8394
-229408,6814
-229408,69297
-229408,456607
-229408,7730
-229408,-317140
-229408,20616
-229408,-53407
-229408,7142
-229408,-766
-229408,5115
-229408,13844
-229408,6832
-229408,50213
-229408,7194
-229408,-68539
-229408,24633
-229408,57891
-229408,98020
-229408,-293
-229408,29018
-229408,512
-229408,-21204
-229408,9825
-229408,-132560
-229408,54765
-229408,11237
-229408,3639
-229408,-63288
-229408,-33322
-229408,-29280
-229408,62614
-229408,-62365
-229408,-51389
-229408,-6033
-229408,-37947
-229408,23662
-229408,27591
-229408,-56239
-229408,36058
-229408,-222223
-229408,-8363
-229408,-3990
-229408,14489
-229408,128805
-229408,4760
-229408,77149
-229408,9508
-229408,-26493
-229408,20392
-229408,-158634
-229408,76717
-229408,-1528
-229408,7858
-229408,-98065
-229408,25471
-229408,-6517
-229408,73627
-229408,-4026
-229408,71236
-229408,17758
-229408,-30711
-229408,12723
-229408,-117705
-229408,-16595
-229408,-16419
-229408,3955
-229408,11742
-229408,5347
-229408,5139
-229408,9774
-229408,53932
-229408,-35682
-229408,105512
-229408,2024
-229408,136889
-229408,-19386
-229408,114989
-229408,-15268
-229408,48560
-229408,-201104
-229408,13546
-229408,39288
-229408,-34649
-229408,-19881
-229408,-117500
-229408,40549
-229408,23295
-229408,40159
-229408,-46267
-229408,29865
-229408,4728
-229408,13590
-229408,15508
-229408,40
-229408,-15295
-229408,12377
-229408,5566
-229408,21556
-229408,3946
-229408,8078
-229408,101807
-229408,17475
-229408,198950
-229408,8251
-229408,-10446
-229408,31871
-229408,16815
-229408,23589
-229408,33506
-229408,36281
-229408,45997
-229408,7391
-229408,18624
-229408,-1742
-229408,-5661
-229408,88270
-229408,41440
-229408,27834
-229408,19604
-229408,32625
-229408,31730
-229408,33076
-229408,-15864
-229408,5972
-229408,56135
-229408,123275
-229408,119855
-229408,-26391
-229408,45707
-229408,10780
-229408,81653
-229408,106486
-229408,55229
-229408,-105471
-229408,125582
-229408,249975
-229408,35031
-229408,1155676
-229408,57702
-229408,-46789
-229408,350211
-229408,-34717
-229408,19119
-229408,31009
-229408,-6369
-229408,5017
-229408,-785
-229408,42242
-229408,23767
-229408,-467
-229408,20128
-229408,16158
-229408,46230
-229408,-9882
-229408,-20531
-229408,21626
-229408,214654
-229408,178753
-229408,-4325
-229408,-13465
-229408,-23718
-229408,152935
-229408,59250
-229408,11385
-229408,183669
-229408,17152
-229408,8105
-229408,-561
-229408,45849
-229408,10862
-229408,32283
-229408,182210
-229408,-3046
-229408,10983
-229408,-188686
-229408,-109020
-229408,-51442
-229408,-9592
-229408,-1236
-229408,100358
-229408,74911
-229408,9318
-229408,-48110
-229408,24061
-229408,-5622
-229408,-16928
-229408,-24117
-229408,1053998
-229408,11395
-229408,431258
-229408,80821
-229408,-2865
-229408,6839
-229408,7516
-229408,66396
-229408,56628
-229408,-17080
-229408,32335
-229408,-967
-229408,-158614
-229408,-28333
-229408,25730
-229408,7404
-229408,25592
-229408,28780
-229408,101378
-229408,2696
-229408,-23747
-229408,-315875
-229408,45537
-229408,-12156
-229408,22545
-229408,-4962
-229408,40215
-229408,27422
-229408,-23707
-229408,23803
-229408,23420
-229408,124118
-229408,260423
-229408,-18544
-229408,-104444
-229408,-4284
-229408,-32787
-229408,22417
-229408,20845
-229408,132214
-229408,8911
-229408,6013
-229408,-29547
-229408,391
-229408,-94265
-229408,-46023
-229408,-22612
-229408,37818
-229408,746
-229408,125395
-229408,13156
-229408,11185
-229408,25860
-229408,15829
-229408,100242
-229408,4820
-229408,95260
-229408,22478
-229408,19305
-229408,-16319
-229408,21199
-229408,59987
-229408,12606
-229408,9975
-229408,-93148
-229408,-28284
-229408,-102840
-229408,1217
-229408,24210
-229408,7355
-229408,12213
-229408,-11466
-229408,-39050
-229408,57912
-229408,41984
-229408,61049
-229408,-63264
-229408,-3681
-229408,20375
-229408,-28732
-229408,18894
-229408,26959
-229408,-9842
-229408,124887
-229408,22614
-229408,-4377
-229408,5518
-229408,-5865
-229408,-4292
-229408,7428
-229408,31253
-229408,-235557
-229408,145188
-229408,-81024
-229408,37892
-229408,29640
-229408,74637
-229408,81794
-229408,38346
-229408,12732
-229408,13062
-229408,19279
-229408,63994
-229408,-27252
-229408,162010
-229408,59700
-229408,54525
-229408,121506
-229408,-195
-229408,7912
-229408,108657
-229408,16609
-229408,3982
-229408,-3337
-229408,75587
-229408,-42724
